"#";"Url";"Google index";"SEMrush backlinks";"SEMrush subdomain backlinks";"SEMrush publisher display ads"
"1";"https://mackinstitute.wharton.upenn.edu/2016/innovating-around-the-box-complementary-innovation/";"3,080";"1";"14074";"1"
"2";"https://www.upenn.edu/research-and-innovation";"4,550";"200";"951031";"1"
"3";"https://www.grasp.upenn.edu/startups/lyf-innovation-ltd/";"8,400";"13";"958239";"1"
"4";"https://pathology.med.upenn.edu/research/diagnostic-innovation";"2,490";"0";"8091";"1"
"5";"https://www.nursing.upenn.edu/innovation/innovation-colloquiums/";"6,750";"19";"126006";"1"
"6";"https://weissfund.weisstech.upenn.edu/";"9";"6";"9";"1"
"7";"https://executivemba.wharton.upenn.edu/executive-mba-for-entrepreneurship-innovation/";"1,140";"14";"13655";"1"
"8";"https://mackinstitute.wharton.upenn.edu/corporate-partnership/collaborative-innovation-program-partners/";"3,080";"19";"14074";"1"
"9";"https://mackinstitute.wharton.upenn.edu/students/collaborative-innovation-program/projects-fall-2022/";"3,080";"19";"14074";"1"
"10";"https://knowledge.wharton.upenn.edu/article/apple-innovation-edge/";"16,200";"64";"774552";"1"
"11";"https://executiveeducation.wharton.upenn.edu/thought-leadership/wharton-at-work/2021/03/crisis-innovation/";"2,010";"2";"48061";"1"
"12";"https://penntoday.upenn.edu/subtopic/presidents-innovation-prize";"38,900";"1";"1749095";"1"
"13";"https://pci.upenn.edu/tag/innovation/";"1,260";"0";"2313";"1"
"14";"https://rnainnovation.med.upenn.edu/";"134";"2";"6";"1"
"15";"https://www.design.upenn.edu/city-regional-planning/graduate/work/sao-paulo-innovation-district";"9,170";"0";"53526";"1"
"16";"https://www.nursing.upenn.edu/live/events/3992-innovation-colloquium-how-organizations-are";"6,750";"0";"126006";"1"
"17";"https://magazine.wharton.upenn.edu/digital/the-trade-war-is-really-about-the-future-of-innovation/";"19,700";"45";"28812";"1"
"18";"https://www.sp2.upenn.edu/research/social-innovation-philanthropy-nonprofit-management/";"2,540";"4";"45177";"1"
"19";"https://pci.upenn.edu/ten-years-of-i-corps-the-program-that-changed-innovation/";"1,260";"0";"2313";"1"
"20";"https://penntoday.upenn.edu/subtopic/innovation";"38,900";"3";"1749095";"1"
"21";"https://venturelab.upenn.edu/venture-lab-food-innovation-lab-applications-open";"275";"0";"694";"1"
"22";"https://www.impact.upenn.edu/franklin-sp2-social-innovation-prize/";"1,220";"12";"9237";"1"
"23";"https://global.upenn.edu/global-initiatives/event/india-pioneer-innovation-constraints-and-opportunities";"4,220";"0";"45970";"1"
"24";"https://medicalethicshealthpolicy.med.upenn.edu/education-master-of-health-innovation";"813";"12";"5369";"1"
"25";"https://pci.upenn.edu/b-phl-innovation-festival-pciv-startup-vasowatch-llc-and-pci-i-corps-participant-viora-health-featured/";"1,260";"2";"2313";"1"
"26";"https://www.design.upenn.edu/xsd";"9,170";"51";"53526";"1"
"27";"https://mackinstitute.wharton.upenn.edu/students/student-sponsorship/";"3,080";"28";"14074";"1"
"28";"https://mackinstitute.wharton.upenn.edu/wharton-technology-and-innovation-conference-2022/agenda/";"3,080";"3";"14074";"1"
"29";"https://mackinstitute.wharton.upenn.edu/students/work-study/";"3,080";"20";"14074";"1"
"30";"https://mackinstitute.wharton.upenn.edu/students/";"3,080";"21";"14074";"1"
"31";"https://www.nursing.upenn.edu/live/news/2131-the-case-for-innovation-education-in-nursing";"6,750";"0";"126006";"1"
"32";"https://pci.upenn.edu/septembers-b-phl-innovation-festival-offers-innovators-a-space-to-connect-network-and-learn-from-global-keynote-speakers/";"1,260";"0";"2313";"1"
"33";"https://www.nursing.upenn.edu/innovation/amplify-nursing-podcast/";"6,750";"152";"126006";"1"
"34";"https://executiveeducation.wharton.upenn.edu/thought-leadership/wharton-at-work/2013/06/find-innovation-success/";"2,010";"0";"48061";"1"
"35";"https://penniur.upenn.edu/initiatives/innovation-in-higher-education-in-connecticut";"3,180";"0";"6195";"1"
"36";"https://www.gse.upenn.edu/about-penn-gse/catalyst";"6,210";"107";"118312";"1"
"37";"https://wsp.wharton.upenn.edu/book/innovation-tournaments/";"430";"5";"18074";"1"
"38";"https://curf.upenn.edu/content/sachs-program-arts-innovation-0";"7,920";"0";"306";"1"
"39";"https://apps.wharton.upenn.edu/syllabi/2019A/MGMT927002/";"6,710";"0";"3372";"1"
"40";"https://mackinstitute.wharton.upenn.edu/2021/interdisciplinary-teams-compete-in-wharton-innovation-design-clubs-coronavirus-innovation-challenge/";"3,080";"2";"14074";"1"
"41";"https://aisp.upenn.edu/resources/aisp-innovation-expert-panel-reports/";"1,010";"0";"13150";"1"
"42";"https://www.nursing.upenn.edu/live/events/3975-penn-nursing-innovation-accelerator-information";"6,750";"0";"126006";"1"
"43";"https://stevenscenter.wharton.upenn.edu/sarah-hammer-biography/";"31";"103";"1002";"1"
"44";"https://executiveeducation.wharton.upenn.edu/thought-leadership/wharton-at-work/2014/02/the-innovation-matrix/";"2,010";"18";"48061";"1"
"45";"https://pci.upenn.edu/event/accelerating-innovation-in-orthopaedics/";"1,260";"0";"2313";"1"
"46";"https://executiveeducation.wharton.upenn.edu/thought-leadership/wharton-at-work/2019/07/grow-faster-2-four-levers-to-drive-your-innovation-narrative/";"2,010";"1";"48061";"1"
"47";"https://www.pennovation.upenn.edu/the-community/innovators/johnson-johnson-innovation-jlabs";"1,120";"5";"1890";"1"
"48";"https://www.dental.upenn.edu/research/center-for-innovation-precision-dentistry/about/history-of-innovation/";"2,770";"0";"60481";"1"
"49";"https://wrds-www.wharton.upenn.edu/pages/news/jack-welch-college-of-business-technology-awarded-the-wrds-ssrn-innovation-prize/";"1,630";"7";"306133";"1"
"50";"https://pci.upenn.edu/about/stats-and-reports/pci-annual-report/";"1,260";"51";"2313";"1"
"51";"https://healthcareinnovation.upenn.edu/leadership/shivan-mehta";"232";"wait...";"1395";"1"
"52";"https://ideas.wharton.upenn.edu/wp-content/uploads/2018/07/Boxenbaum-Battilana-2005.pdf";"221";"wait...";"wait...";"1"
"53";"https://pci.upenn.edu/celebrating-five-years-of-innovation-entrepreneurship-and-creativity/";"1,260";"wait...";"2313";"1"
"54";"https://mackinstitute.wharton.upenn.edu/about/about-innovation-management/";"3,080";"wait...";"14074";"1"
"55";"https://pennpip.upenn.edu/about";"13";"wait...";"188";"1"
"56";"https://pci.upenn.edu/tag/innovation-hub/";"1,260";"wait...";"2313";"1"
"57";"https://pci.upenn.edu/announcing-the-penn-institute-for-rna-innovation/";"1,260";"wait...";"2313";"1"
"58";"https://mackinstitute.wharton.upenn.edu/research/books/";"3,080";"wait...";"14074";"1"
"59";"https://www.med.upenn.edu/cpx/innovation-challenge.html";"59,700";"wait...";"1632615";"1"
"60";"https://www.nursing.upenn.edu/innovation/nursing-story-slam/";"6,750";"wait...";"126006";"1"
"61";"https://pci.upenn.edu/events/";"1,260";"wait...";"2313";"1"
"62";"https://pci.upenn.edu/presidents-innovation-prizes-awarded/?utm_source=rss&utm_medium=rss&utm_campaign=presidents-innovation-prizes-awarded";"1,260";"wait...";"2313";"1"
"63";"https://www.law.upenn.edu/institutes/ctic/jli/about.php";"17,200";"wait...";"269865";"1"
"64";"https://scholarship.law.upenn.edu/cgi/viewcontent.cgi?article=2834&context=faculty_scholarship";"69,300";"wait...";"1036442";"1"
"65";"https://www.nano.upenn.edu/2022-innovation-seed-grant-competition/";"264";"wait...";"wait...";"1"
"66";"https://www.nursing.upenn.edu/live/news/1920-2021-presidents-innovation-prize-for-penn-nursing";"6,750";"wait...";"126006";"1"
"67";"https://urbanedjournal.gse.upenn.edu/archive/volume-12-issue-1-spring-2015/educational-ecosystems-trend-urban-educational-innovation";"873";"wait...";"wait...";"1"
"68";"https://pci.upenn.edu/presidents-innovation-prize-winner-lumify-care-and-pci-startup-neuralert-hit-major-milestones-in-2022/";"1,260";"wait...";"2313";"1"
"69";"https://faculty.wharton.upenn.edu/wp-content/uploads/2018/02/Technology_Evolution.pdf";"7,110";"wait...";"wait...";"1"
"70";"https://knowledge.wharton.upenn.edu/article/how-innovation-is-helping-emerging-multinationals-to-race-ahead/";"16,200";"wait...";"774552";"1"
"71";"https://oid.wharton.upenn.edu/profile/netessin/";"194";"wait...";"wait...";"1"
"72";"https://scholarship.law.upenn.edu/faculty_scholarship/274/";"69,300";"wait...";"1036442";"1"
"73";"https://eent.seas.upenn.edu/grant-funding/";"27";"wait...";"wait...";"1"
"74";"https://www.med.upenn.edu/hbhe4/part4-ch14-key-constructs.shtml";"59,700";"wait...";"1632615";"1"
"75";"https://www.law.upenn.edu/institutes/ctic/jli/symposium.php";"17,200";"wait...";"269865";"1"
"76";"https://mba.wharton.upenn.edu/topic/entrepreneurship-innovation/";"1,220";"wait...";"wait...";"1"
"77";"https://knowledge.wharton.upenn.edu/article/dazzling-yet-disappointing-why-u-s-growth-productivity-will-underperform-the-past/";"16,200";"wait...";"774552";"1"
"78";"https://pci.upenn.edu/celebration-of-innovation-2021-recap-and-recording/";"1,260";"wait...";"2313";"1"
"79";"https://magazine.wharton.upenn.edu/digital/like-lego-the-third-path-to-enterprise-innovation/";"19,700";"wait...";"28812";"1"
"80";"https://knowledge.wharton.upenn.edu/article/can-lean-co-exist-with-innovation/";"16,200";"wait...";"774552";"1"
"81";"https://apps.wharton.upenn.edu/syllabi/2019A/FNCE250002/";"6,710";"wait...";"3372";"1"
"82";"https://mackinstitute.wharton.upenn.edu/events-and-programs/";"3,080";"wait...";"14074";"1"
"83";"https://pci.upenn.edu/the-future-of-research-based-innovation-hubs-with-the-rise-of-remote-work/";"1,260";"wait...";"2313";"1"
"84";"https://www.med.upenn.edu/brainstimcenter/";"59,700";"wait...";"1632615";"1"
"85";"https://scholarship.law.upenn.edu/faculty_scholarship/1909/";"69,300";"wait...";"1036442";"1"
"86";"https://www.design.upenn.edu/research/topics/innovation";"9,170";"wait...";"53526";"1"
"87";"https://pc3i.upenn.edu/about-pc3i/";"714";"wait...";"1880";"1"
"88";"https://mackinstitute.wharton.upenn.edu/2021/the-positive-effects-of-sharing-innovation-successes-and-failures/";"3,080";"wait...";"14074";"1"
"89";"https://mackinstitute.wharton.upenn.edu/corporate-partnership/";"3,080";"wait...";"14074";"1"
"90";"https://pci.upenn.edu/portfolio/flobio/";"1,260";"wait...";"2313";"1"
"91";"https://hub.provost.upenn.edu/org/penn-center-for-innovation";"91";"wait...";"wait...";"1"
"92";"https://www.upenn.edu/transcript-ecosystem-innovation";"4,550";"wait...";"951031";"1"
"93";"https://knowledge.wharton.upenn.edu/article/sustaining-corporate-growth-requires-big-i-and-small-i-innovation/";"16,200";"wait...";"774552";"1"
"94";"https://www.wharton.upenn.edu/story/prof-tyler-wry-on-teaching-innovation-to-high-school-students/";"1,320";"wait...";"1079983";"1"
"95";"https://penniur.upenn.edu/publications/urban-innovation-essential-to-achieve-sdgs";"3,180";"wait...";"6195";"1"
"96";"https://pci.upenn.edu/event/celebration-of-innovation-2021/";"1,260";"wait...";"2313";"1"
"97";"https://mackinstitute.wharton.upenn.edu/2020/metrics-for-managing-innovation/";"3,080";"wait...";"14074";"1"
"98";"https://knowledge.wharton.upenn.edu/article/johnson-jumpstarting-america-book/";"16,200";"wait...";"774552";"1"
"99";"https://knowledge.wharton.upenn.edu/article/innovation-sometimes-it-takes-a-village/";"16,200";"wait...";"774552";"1"
"100";"https://www.wharton.upenn.edu/story/in-the-classroom-technology-innovation-and-entrepreneurship-in-the-new-space-era/";"1,320";"wait...";"1079983";"1"