,link
0,https://www.nursing.upenn.edu/innovation/
1,https://www.nursing.upenn.edu/innovation/innovation-accelerator/
2,https://knowledge.wharton.upenn.edu/article/business-model-innovation-matters-ever/
3,https://www.med.upenn.edu/evpdean/innovation.html
4,https://knowledge.wharton.upenn.edu/category/innovation/
5,https://executiveeducation.wharton.upenn.edu/for-individuals/all-programs/mastering-innovation-strategy-process-and-tools/
6,https://pc3i.upenn.edu/
7,https://www.law.upenn.edu/institutes/ctic/
8,https://globalyouth.wharton.upenn.edu/programs-courses/essentials-of-innovation/
9,https://stevenscenter.wharton.upenn.edu/
10,https://pci.upenn.edu/
11,https://www.hr.upenn.edu/PennHR/penn-community/inclusion-innovation-impact
12,https://knowledge.wharton.upenn.edu/article/innovation-networks-looking-for-ideas-outside-the-company/
13,https://mackinstitute.wharton.upenn.edu/2020/innovation-metrics-for-success-digital-era/
14,https://knowledge.wharton.upenn.edu/article/data-analytics-innovation/
15,https://www.nursing.upenn.edu/innovation/design-thinking-for-health/
16,https://healthcareinnovation.upenn.edu/
17,https://research.seas.upenn.edu/innovation-entrepreneurship/
18,https://knowledge.wharton.upenn.edu/article/how-to-regulate-innovation-without-killing-it/
19,https://improvinghealthcare.mehp.upenn.edu/program/master-health-care-innovation
20,https://executiveeducation.wharton.upenn.edu/for-individuals/all-programs/business-model-innovation-in-the-digital-age/
21,https://healthcareinnovation.upenn.edu/about
22,https://online-execed.wharton.upenn.edu/driving-strategic-innovation
23,https://undergrad-inside.wharton.upenn.edu/technology-innovation-analytics/
24,https://mgmt.wharton.upenn.edu/programs/undergraduate/entrepreneurship-innovation-concentration/
25,https://mackinstitute.wharton.upenn.edu/2021/innovation-strategy-during-times-of-crisis/
26,https://mackinstitute.wharton.upenn.edu/wp-content/uploads/2012/12/Learning-from-Failure_Full-Conference-Summary_Mack-Center.pdf
27,https://executiveeducation.wharton.upenn.edu/thought-leadership/wharton-at-work/2019/01/innovation-for-health-care-leaders/
28,https://mackinstitute.wharton.upenn.edu/
29,https://knowledge.wharton.upenn.edu/article/time-rethink-innovate/
30,https://www.collegehouses.upenn.edu/life/programs/health-care-innovation-getting-better-health
31,https://accelerationlab.upenn.edu/innovation-accelerator-program
32,https://www.law.upenn.edu/institutes/ctic/jli/
33,https://wsp.wharton.upenn.edu/book/innovation-prowess/
34,https://www.elp.upenn.edu/english-leadership-and-innovation
35,https://knowledge.wharton.upenn.edu/article/how-big-companies-can-innovate-like-small-startups/
36,https://knowledge.wharton.upenn.edu/article/pandemic-turbo-charging-government-innovation-will-stick/
37,https://healthcareinnovation.upenn.edu/people
38,https://curf.upenn.edu/prizes/presidents-innovation-prize
39,https://healthcareinnovation.upenn.edu/soi
40,https://pennpip.upenn.edu/
41,https://mackinstitute.wharton.upenn.edu/students/collaborative-innovation-program/
42,https://executiveeducation.wharton.upenn.edu/thought-leadership/wharton-at-work/2016/04/everyones-an-innovator/
43,https://www.collegehouses.upenn.edu/life/programs/research-innovation-and-entrepreneurship
44,https://knowledge.wharton.upenn.edu/article/pandemic-productivity-is-up-why-is-innovation-slowing-down/
45,https://penntoday.upenn.edu/spotlights/culture-and-ecosystem-innovation
46,https://pci.upenn.edu/about/who-we-are/
47,https://www.wharton.upenn.edu/entrepreneurship-and-innovation/
48,https://venturelab.upenn.edu/innovation-fund
49,https://mackinstitute.wharton.upenn.edu/events-and-programs/wharton-innovation-doctoral-symposium/
50,https://www.dental.upenn.edu/research/center-for-innovation-precision-dentistry/
51,https://www.gse.upenn.edu/academics/professional-development-continuing-education/education-entrepreneurship-innovation-certificate
52,https://pci.upenn.edu/event/phl-innovation-picnic-2022/
53,https://www.gse.upenn.edu/support/strengths/innovation-impact
54,https://pci.upenn.edu/event/b-phl-innovation-festival-2022/
55,https://mackinstitute.wharton.upenn.edu/events-and-programs/wharton-technology-and-innovation-conference/
56,https://catalog.upenn.edu/undergraduate/programs/entrepreneurship-innovation-bs/
57,https://executiveeducation.wharton.upenn.edu/thought-leadership/wharton-at-work/2019/05/grow-faster-part-1-embrace-the-right-innovation-narrative/
58,https://healthcareinnovation.upenn.edu/leadership/roy-rosin
59,https://healthcareinnovation.upenn.edu/work-us
60,https://mackinstitute.wharton.upenn.edu/podcast/
61,https://gutmann-archived.president.upenn.edu/penn-compact/innovation
62,https://mgmt.wharton.upenn.edu/programs/mba/entrepreneurship-innovation/
63,https://catalog.upenn.edu/graduate/programs/health-care-innovation-mhci/
64,https://pvmi.wharton.upenn.edu/
65,https://executiveeducation.wharton.upenn.edu/thought-leadership/wharton-at-work/2011/03/innovation-tournaments/
66,https://catalog.upenn.edu/graduate/programs/entrepreneurship-innovation-mba/
67,https://mgmt.wharton.upenn.edu/programs/undergraduate/management-specializations/entrepreneurship-and-innovation/
68,https://www.gse.upenn.edu/explore-by-topic/education-innovation-entrepreneurship
69,https://mackinstitute.wharton.upenn.edu/students/innovation-management-major/
70,https://www.business-services.upenn.edu/services/innovation
71,https://executiveeducation.wharton.upenn.edu/thought-leadership/wharton-at-work/2013/01/better-innovation/
72,https://mackinstitute.wharton.upenn.edu/events-and-programs/pvmi/
73,https://www.nursing.upenn.edu/calendar/view/event/event_id/3735/view/event
74,https://improvinghealthcare.mehp.upenn.edu/program/graduate-certificate-health-care-innovation
75,https://repository.upenn.edu/cgi/viewcontent.cgi?article=1129&context=mgmt_papers
76,https://pathology.med.upenn.edu/news/symposium-diagnostic-and-innovation-alliances-penn-medicine
77,https://knowledge.wharton.upenn.edu/article/innovation-tournaments-succeed-others-fail/
78,https://catalog.upenn.edu/graduate/programs/health-care-innovation-certificate/
79,https://knowledge.wharton.upenn.edu/article/why-innovation-is-tough-to-define-and-even-tougher-to-cultivate/
80,https://pci.upenn.edu/about/pci-fellows/
81,https://www.wharton.upenn.edu/topic/entrepreneurship-innovation/
82,https://healthcareinnovation.upenn.edu/teams
83,https://stevenscenter.wharton.upenn.edu/about/
84,https://mackinstitute.wharton.upenn.edu/wp-content/uploads/2012/12/The-Changing-Face-of-Innovation-Full-Conference-Summary.pdf
85,https://executiveeducation.wharton.upenn.edu/thought-leadership/wharton-at-work/category/innovation/
86,https://global.upenn.edu/perryworldhouse/global-innovation-program-postdoctoral-fellowships
87,https://pci.upenn.edu/entrepreneurs/resources-and-funding/presidents-innovation-prize/
88,https://www.gse.upenn.edu/news/category/innovation
89,https://venturelab.upenn.edu/food-innovation-lab
90,https://executiveeducation.wharton.upenn.edu/wp-content/uploads/2018/03/1306-Find-Innovation-Success.pdf
91,https://ldi.upenn.edu/in-the-news/innovation-new-look
92,https://mackinstitute.wharton.upenn.edu/about/
93,https://ware.house.upenn.edu/entrepreneurship
94,https://mackinstitute.wharton.upenn.edu/events-and-programs/corporate-strategy-innovation/
95,https://scholarship.law.upenn.edu/faculty_scholarship/1939/
96,https://cemb.upenn.edu/programs/graduate-training/innovation-slams/
97,https://yourimpact.upenn.edu/incubating-innovation-and-entrepreneurship/
98,https://mackinstitute.wharton.upenn.edu/2016/innovating-around-the-box-complementary-innovation/
99,https://www.nursing.upenn.edu/innovation/
